reference_ligand,target_ligand,ddG_mean,ddG_stddev
CHEMBL1078774,CHEMBL1078691,-2.1233333333333335,0.04041451884327352
CHEMBL1082249,CHEMBL1077227,1.6733333333333331,1.2259825991152296
CHEMBL1086409,CHEMBL1084431,-1.1366666666666667,0.9364471866225735
CHEMBL1089393,CHEMBL1085895,-4.0,0.29000000000000004
CHEMBL1089393,CHEMBL1093088,-1.9966666666666664,0.35076107727815714
CHEMBL1093087,CHEMBL1084678,-0.68,0.39585350825778975
CHEMBL1096003,CHEMBL1096003_1,2.2966666666666664,0.6772247288259144
