Ligand1,Ligand2,Predicted_DG,Relative_Exp_DG,Difference,Predicted_sttdev
CHEMBL1078774,CHEMBL1078691,-2.407069069744656,0.4131,-2.820169069744656,1.625466975930773
CHEMBL1082249,CHEMBL1077227,0.2721502667174313,-0.10859999999999914,0.38075026671743045,1.504993087403698
CHEMBL1086409,CHEMBL1084431,2.9417794946770983,0.06790999999999947,2.873869494677099,1.17002472378862
CHEMBL1089393,CHEMBL1085895,-4.276842885956485,-2.49207,-1.7847728859564853,0.6372375496123999
CHEMBL1089393,CHEMBL1093088,-0.7674064224343891,-2.85337,2.085963577565611,0.4800423906580943
CHEMBL1093087,CHEMBL1084678,3.788890454860979,-0.5951000000000004,4.38399045486098,1.7336034902764008
CHEMBL1096003,CHEMBL1096003_1,6.332056703486953,0.0,6.332056703486953,3.479439035060876
